"ID","FIRSTNAME","LASTNAME","CELL","EMAIL","SALUTATION","TITLE","STATUS"
"0032w00000dBIQJAA4","John","Dodge","555-888-8888","jdodge@example.com","Mr.","SVP of Sales","Item Created"
"0032w00000dBIQKAA4","Sarah","Smith","555-999-8888","ssnith@example.com","Ms.","Senior Sales Rep","Item Created"
"0032w00000dBIQLAA4","George","Dapper","555-999-0000","gdapper@example.com","Dr.","Director of Healthcare","Item Created"
"0032w00000dBIQMAA4","Jack","Dodge","555-888-8888","jdodge2@example.com","Mr.","EVP of Sales","Item Created"
"0032w00000dBIQNAA4","Jessica","Jones","555-999-8888","jjones@example.com","Mrs.","Senior Sales Rep","Item Created"
"0032w00000dBIQOAA4","Dragon","Davich","555-999-0000","dragonr@example.com","Dr.","Senior Member of Medical Staff","Item Created"
"0032w00000dBIQPAA4","Steve","Curio","555-555-5454","curious@example.com","Mr.","Janitor","Item Created"
"0032w00000dBIQQAA4","Laura","Black","555-555-3434","black@example.com","Ms.","Sales Rep","Item Created"
"0032w00000dBIQRAA4","Wilhelm","Blake","555-555-5543","wblake@example.com","Mr.","CEO","Item Created"
"0032w00000dBIQSAA4","Winter","Drake","555-555-5554","dragon2@example.com","Mr.","CFO","Item Created"
"0032w00000dBIQTAA4","Sal","Sands","555-555-5553","sandssquared@example.com","Mr.","CTO","Item Created"
"0032w00000dBIQUAA4","Julia","Wilds","555-555-9988","jwilds@example.com","Ms.","CMO","Item Created"
"0032w00000dBIQVAA4","Juniper","Birsch","555-555-5432","woodsy@example.com","Mrs.","Director of Engineering","Item Created"
"0032w00000dBIQWAA4","Valerie","Duncan","555-555-3433","vduncan@example.com","Ms.","Senior Member, Technical Staff","Item Created"
"0032w00000dBIQXAA4","Patti","Patel","555-555-4334","ppatel@example.com","Mrs.","Head of Software Engineering","Item Created"
"0032w00000dBIQYAA4","Justin","Short","555-445-3343","jshort@example.com","Mr.","Actor","Item Created"
"0032w00000dBIQZAA4","John","Downes","555-444-0117","bungie@example.com","Mr.","Master Chief","Item Created"
"0032w00000dBIQaAAO","Xavier","Birch","555-000-0333","xjb@example.com","Mr.","Chair of Genealogy","Item Created"
"0032w00000dBIQbAAO","Basil","Wenceslas","555-666-3433","hansa@example.com","Chairman","Chairman","Item Created"
"0032w00000dBIQcAAO","Alice","Black","555-555-5555","blackalice@example.com","Ms.","Botanist","Item Created"
